{
    "eyeBlinkLeft": {
        "amplify": 1.0,
        "target_shapes": [
            "A14_Eye_Blink_Left"
        ]
    },
    "eyeLookDownLeft": {
        "amplify": 1.0,
        "target_shapes": [
            "A08_Eye_Look_Down_Left"
        ]
    },
    "eyeLookInLeft": {
        "amplify": 1.0,
        "target_shapes": [
            "A11_Eye_Look_In_Left"
        ]
    },
    "eyeLookOutLeft": {
        "amplify": 1.0,
        "target_shapes": [
            "A10_Eye_Look_Out_Left"
        ]
    },
    "eyeLookUpLeft": {
        "amplify": 1.0,
        "target_shapes": [
            "A06_Eye_Look_Up_Left"
        ]
    },
    "eyeSquintLeft": {
        "amplify": 1.0,
        "target_shapes": [
            "A16_Eye_Squint_Left"
        ]
    },
    "eyeWideLeft": {
        "amplify": 1.0,
        "target_shapes": [
            "A18_Eye_Wide_Left"
        ]
    },
    "eyeBlinkRight": {
        "amplify": 1.0,
        "target_shapes": [
            "A15_Eye_Blink_Right"
        ]
    },
    "eyeLookDownRight": {
        "amplify": 1.0,
        "target_shapes": [
            "A09_Eye_Look_Down_Right"
        ]
    },
    "eyeLookInRight": {
        "amplify": 1.0,
        "target_shapes": [
            "A12_Eye_Look_In_Right"
        ]
    },
    "eyeLookOutRight": {
        "amplify": 1.0,
        "target_shapes": [
            "A13_Eye_Look_Out_Right"
        ]
    },
    "eyeLookUpRight": {
        "amplify": 1.0,
        "target_shapes": [
            "A07_Eye_Look_Up_Right"
        ]
    },
    "eyeSquintRight": {
        "amplify": 1.0,
        "target_shapes": [
            "A17_Eye_Squint_Right"
        ]
    },
    "eyeWideRight": {
        "amplify": 1.0,
        "target_shapes": [
            "A19_Eye_Wide_Right"
        ]
    },
    "jawForward": {
        "amplify": 1.0,
        "target_shapes": [
            "A26_Jaw_Forward"
        ]
    },
    "jawLeft": {
        "amplify": 1.0,
        "target_shapes": [
            "A27_Jaw_Left"
        ]
    },
    "jawRight": {
        "amplify": 1.0,
        "target_shapes": [
            "A28_Jaw_Right"
        ]
    },
    "jawOpen": {
        "amplify": 1.0,
        "target_shapes": [
            "Merged_Open_Mouth",
            "A25_Jaw_Open"
        ]
    },
    "mouthClose": {
        "amplify": 1.0,
        "target_shapes": [
            "A37_Mouth_Close"
        ]
    },
    "mouthFunnel": {
        "amplify": 1.0,
        "target_shapes": [
            "A29_Mouth_Funnel"
        ]
    },
    "mouthPucker": {
        "amplify": 1.0,
        "target_shapes": [
            "A30_Mouth_Pucker"
        ]
    },
    "mouthRight": {
        "amplify": 1.0,
        "target_shapes": [
            "A32_Mouth_Right"
        ]
    },
    "mouthLeft": {
        "amplify": 1.0,
        "target_shapes": [
            "A31_Mouth_Left"
        ]
    },
    "mouthSmileLeft": {
        "amplify": 1.0,
        "target_shapes": [
            "A38_Mouth_Smile_Left"
        ]
    },
    "mouthSmileRight": {
        "amplify": 1.0,
        "target_shapes": [
            "A39_Mouth_Smile_Right"
        ]
    },
    "mouthFrownRight": {
        "amplify": 1.0,
        "target_shapes": [
            "A41_Mouth_Frown_Right"
        ]
    },
    "mouthFrownLeft": {
        "amplify": 1.0,
        "target_shapes": [
            "A40_Mouth_Frown_Left"
        ]
    },
    "mouthDimpleLeft": {
        "amplify": 1.0,
        "target_shapes": [
            "A42_Mouth_Dimple_Left"
        ]
    },
    "mouthDimpleRight": {
        "amplify": 1.0,
        "target_shapes": [
            "A43_Mouth_Dimple_Right"
        ]
    },
    "mouthStretchLeft": {
        "amplify": 1.0,
        "target_shapes": [
            "A50_Mouth_Stretch_Left"
        ]
    },
    "mouthStretchRight": {
        "amplify": 1.0,
        "target_shapes": [
            "A51_Mouth_Stretch_Right"
        ]
    },
    "mouthRollLower": {
        "amplify": 1.0,
        "target_shapes": [
            "A34_Mouth_Roll_Lower"
        ]
    },
    "mouthRollUpper": {
        "amplify": 1.0,
        "target_shapes": [
            "A33_Mouth_Roll_Upper"
        ]
    },
    "mouthShrugLower": {
        "amplify": 1.0,
        "target_shapes": [
            "A36_Mouth_Shrug_Lower"
        ]
    },
    "mouthShrugUpper": {
        "amplify": 1.0,
        "target_shapes": [
            "A35_Mouth_Shrug_Upper"
        ]
    },
    "mouthPressLeft": {
        "amplify": 1.0,
        "target_shapes": [
            "A48_Mouth_Press_Left"
        ]
    },
    "mouthPressRight": {
        "amplify": 1.0,
        "target_shapes": [
            "A49_Mouth_Press_Right"
        ]
    },
    "mouthLowerDownLeft": {
        "amplify": 1.0,
        "target_shapes": [
            "A46_Mouth_Lower_Down_Left"
        ]
    },
    "mouthLowerDownRight": {
        "amplify": 1.0,
        "target_shapes": [
            "A47_Mouth_Lower_Down_Right"
        ]
    },
    "mouthUpperUpLeft": {
        "amplify": 1.0,
        "target_shapes": [
            "A44_Mouth_Upper_Up_Left"
        ]
    },
    "mouthUpperUpRight": {
        "amplify": 1.0,
        "target_shapes": [
            "A45_Mouth_Upper_Up_Right"
        ]
    },
    "browDownLeft": {
        "amplify": 1.0,
        "target_shapes": [
            "A02_Brow_Down_Left"
        ]
    },
    "browDownRight": {
        "amplify": 1.0,
        "target_shapes": [
            "A03_Brow_Down_Right"
        ]
    },
    "browInnerUp": {
        "amplify": 1.0,
        "target_shapes": [
            "A01_Brow_Inner_Up"
        ]
    },
    "browOuterUpLeft": {
        "amplify": 1.0,
        "target_shapes": [
            "A04_Brow_Outer_Up_Left"
        ]
    },
    "browOuterUpRight": {
        "amplify": 1.0,
        "target_shapes": [
            "A05_Brow_Outer_Up_Right"
        ]
    },
    "cheekPuff": {
        "amplify": 1.0,
        "target_shapes": [
            "A20_Cheek_Puff"
        ]
    },
    "cheekSquintLeft": {
        "amplify": 1.0,
        "target_shapes": [
            "A21_Cheek_Squint_Left"
        ]
    },
    "cheekSquintRight": {
        "amplify": 1.0,
        "target_shapes": [
            "A22_Cheek_Squint_Right"
        ]
    },
    "noseSneerLeft": {
        "amplify": 1.0,
        "target_shapes": [
            "A23_Nose_Sneer_Left"
        ]
    },
    "noseSneerRight": {
        "amplify": 1.0,
        "target_shapes": [
            "A24_Nose_Sneer_Right"
        ]
    },
    "tongueOut": {
        "amplify": 1.0,
        "target_shapes": [
            "A52_Tongue_Out"
        ]
    }
}