{
    "browInnerUp": {
        "amplify": 1.0,
        "target_shapes": [
			"Brow_Raise_Inner_L",
			"Brow_Raise_Inner_R"
        ]
    },
    "browDownLeft": {
        "amplify": 1.0,
        "target_shapes": [
            "Brow_Drop_L"
        ]
    },
    "browDownRight": {
        "amplify": 1.0,
        "target_shapes": [
            "Brow_Drop_R"
        ]
    },
    "browOuterUpLeft": {
        "amplify": 1.0,
        "target_shapes": [
            "Brow_Raise_Outer_L"
        ]
    },
    "browOuterUpRight": {
        "amplify": 1.0,
        "target_shapes": [
            "Brow_Raise_Outer_R"
        ]
    },
    "eyeLookUpLeft": {
        "amplify": 1.0,
        "target_shapes": [
            ""
        ]
    },
    "eyeLookUpRight": {
        "amplify": 1.0,
        "target_shapes": [
            ""
        ]
    },
    "eyeLookDownLeft": {
        "amplify": 1.0,
        "target_shapes": [
            ""
        ]
    },
    "eyeLookDownRight": {
        "amplify": 1.0,
        "target_shapes": [
            ""
        ]
    },
    "eyeLookInLeft": {
        "amplify": 1.0,
        "target_shapes": [
            ""
        ]
    },
    "eyeLookInRight": {
        "amplify": 1.0,
        "target_shapes": [
            ""
        ]
    },
    "eyeLookOutLeft": {
        "amplify": 1.0,
        "target_shapes": [
            ""
        ]
    },
    "eyeLookOutRight": {
        "amplify": 1.0,
        "target_shapes": [
            ""
        ]
    },
    "eyeBlinkLeft": {
        "amplify": 1.0,
        "target_shapes": [
            "Eye_Blink_L"
        ]
    },
    "eyeBlinkRight": {
        "amplify": 1.0,
        "target_shapes": [
            "Eye_Blink_R"
        ]
    },
    "eyeSquintLeft": {
        "amplify": 1.0,
        "target_shapes": [
            "Eye_Squint_L"
        ]
    },
    "eyeSquintRight": {
        "amplify": 1.0,
        "target_shapes": [
            "Eye_Squint_R"
        ]
    },
    "eyeWideLeft": {
        "amplify": 1.0,
        "target_shapes": [
            "Eye_Wide_L"
        ]
    },
    "eyeWideRight": {
        "amplify": 1.0,
        "target_shapes": [
            "Eye_Wide_R"
        ]
    },
    "cheekPuff": {
        "amplify": 1.0,
        "target_shapes": [
            "Cheek_Blow_L",
			"Cheek_Blow_R"
        ]
    },
    "cheekSquintLeft": {
        "amplify": 1.0,
        "target_shapes": [
            "Cheek_Raise_L"
        ]
    },
    "cheekSquintRight": {
        "amplify": 1.0,
        "target_shapes": [
            "Cheek_Raise_R"
        ]
    },
    "noseSneerLeft": {
        "amplify": 1.0,
        "target_shapes": [
            "Nose_Flank_Raise_L"
        ]
    },
    "noseSneerRight": {
        "amplify": 1.0,
        "target_shapes": [
            "Nose_Flank_Raise_R"
        ]
    },
    "jawOpen": {
        "amplify": 1.0,
        "target_shapes": [
            "Merged_Open_Mouth"
        ]
    },
    "jawForward": {
        "amplify": 1.0,
        "target_shapes": [
            ""
        ]
    },
    "jawLeft": {
        "amplify": 1.0,
        "target_shapes": [
            ""
        ]
    },
    "jawRight": {
        "amplify": 1.0,
        "target_shapes": [
            ""
        ]
    },
    "mouthFunnel": {
        "amplify": 1.0,
        "target_shapes": [
            "Mouth_Pucker_Open"
        ]
    },
    "mouthPucker": {
        "amplify": 1.0,
        "target_shapes": [
            "Mouth_Pucker"
        ]
    },
    "mouthLeft": {
        "amplify": 1.0,
        "target_shapes": [
            "Mouth_L"
        ]
    },
    "mouthRight": {
        "amplify": 1.0,
        "target_shapes": [
            "Mouth_R"
        ]
    },
    "mouthRollUpper": {
        "amplify": 1.0,
        "target_shapes": [
            ""
        ]
    },
    "mouthRollLower": {
        "amplify": 1.0,
        "target_shapes": [
            ""
        ]
    },
    "mouthShrugUpper": {
        "amplify": 1.0,
        "target_shapes": [
            "Mouth_Top_Lip_Up"
        ]
    },
    "mouthShrugLower": {
        "amplify": 1.0,
        "target_shapes": [
            ""
        ]
    },
    "mouthClose": {
        "amplify": 1.0,
        "target_shapes": [
            ""
        ]
    },
    "mouthSmileLeft": {
        "amplify": 1.0,
        "target_shapes": [
            "Mouth_Smile_L"
        ]
    },
    "mouthSmileRight": {
        "amplify": 1.0,
        "target_shapes": [
            "Mouth_Smile_R"
        ]
    },
    "mouthFrownLeft": {
        "amplify": 1.0,
        "target_shapes": [
            "Mouth_Frown_L"
        ]
    },
    "mouthFrownRight": {
        "amplify": 1.0,
        "target_shapes": [
            "Mouth_Frown_R"
        ]
    },
    "mouthDimpleLeft": {
        "amplify": 1.0,
        "target_shapes": [
            "Mouth_Dimple_L"
        ]
    },
    "mouthDimpleRight": {
        "amplify": 1.0,
        "target_shapes": [
            "Mouth_Dimple_R"
        ]
    },
    "mouthUpperUpLeft": {
        "amplify": 1.0,
        "target_shapes": [
            "Mouth_Snarl_Upper_L"
        ]
    },
    "mouthUpperUpRight": {
        "amplify": 1.0,
        "target_shapes": [
            "Mouth_Snarl_Upper_R"
        ]
    },
    "mouthLowerDownLeft": {
        "amplify": 1.0,
        "target_shapes": [
            "Mouth_Snarl_Lower_L"
        ]
    },
    "mouthLowerDownRight": {
        "amplify": 1.0,
        "target_shapes": [
            "Mouth_Snarl_Lower_R"
        ]
    },
    "mouthPressLeft": {
        "amplify": 1.0,
        "target_shapes": [
            "mouthPress_L"
        ]
    },
    "mouthPressRight": {
        "amplify": 1.0,
        "target_shapes": [
            "mouthPress_R"
        ]
    },
    "mouthStretchLeft": {
        "amplify": 1.0,
        "target_shapes": [
            "mouthStretch_L"
        ]
    },
    "mouthStretchRight": {
        "amplify": 1.0,
        "target_shapes": [
            "mouthStretch_R"
        ]
    },
    "tongueOut": {
        "amplify": 1.0,
        "target_shapes": [
            "tongueOut"
        ]
    }
}