{
    "eyeBlinkLeft": {
        "target_shapes": [
            "facs_jnt_EyeBlinkLeft"
        ],
        "amplify": 1.0,
        "region": "Eyes"
    },
    "eyeLookDownLeft": {
        "target_shapes": [
            "facs_ctrl_EyeLookDownLeft"
        ],
        "amplify": 1.0,
        "region": "Eyes"
    },
    "eyeLookInLeft": {
        "target_shapes": [
            "facs_ctrl_EyeLookInLeft"
        ],
        "amplify": 1.0,
        "region": "Eyes"
    },
    "eyeLookOutLeft": {
        "target_shapes": [
            "facs_ctrl_EyeLookOutLeft"
        ],
        "amplify": 1.0,
        "region": "Eyes"
    },
    "eyeLookUpLeft": {
        "target_shapes": [
            "facs_ctrl_EyeLookUpLeft"
        ],
        "amplify": 1.0,
        "region": "Eyes"
    },
    "eyeSquintLeft": {
        "target_shapes": [
            "facs_bs_EyeSquintLeft_div2"
        ],
        "amplify": 1.0,
        "region": "Eyes"
    },
    "eyeWideLeft": {
        "target_shapes": [
            "facs_jnt_EyeWideLeft"
        ],
        "amplify": 1.0,
        "region": "Eyes"
    },
    "eyeBlinkRight": {
        "target_shapes": [
            "facs_jnt_EyeBlinkRight"
        ],
        "amplify": 1.0,
        "region": "Eyes"
    },
    "eyeLookDownRight": {
        "target_shapes": [
            "facs_ctrl_EyeLookDownRight"
        ],
        "amplify": 1.0,
        "region": "Eyes"
    },
    "eyeLookInRight": {
        "target_shapes": [
            "facs_ctrl_EyeLookInRight"
        ],
        "amplify": 1.0,
        "region": "Eyes"
    },
    "eyeLookOutRight": {
        "target_shapes": [
            "facs_ctrl_EyeLookOutRight"
        ],
        "amplify": 1.0,
        "region": "Eyes"
    },
    "eyeLookUpRight": {
        "target_shapes": [
            "facs_ctrl_EyeLookUpRight"
        ],
        "amplify": 1.0,
        "region": "Eyes"
    },
    "eyeSquintRight": {
        "target_shapes": [
            "facs_bs_EyeSquintRight_div2"
        ],
        "amplify": 1.0,
        "region": "Eyes"
    },
    "eyeWideRight": {
        "target_shapes": [
            "facs_jnt_EyeWideRight"
        ],
        "amplify": 1.0,
        "region": "Eyes"
    },
    "jawForward": {
        "target_shapes": [
            "facs_jnt_JawForward"
        ],
        "amplify": 1.0,
        "region": "Mouth"
    },
    "jawLeft": {
        "target_shapes": [
            "facs_jnt_JawLeft"
        ],
        "amplify": 1.0,
        "region": "Mouth"
    },
    "jawRight": {
        "target_shapes": [
            "facs_jnt_JawRight"
        ],
        "amplify": 1.0,
        "region": "Mouth"
    },
    "jawOpen": {
        "target_shapes": [
            "facs_jnt_JawOpen"
        ],
        "amplify": 1.0,
        "region": "Mouth"
    },
    "mouthClose": {
        "target_shapes": [
            "facs_bs_MouthClose_div2"
        ],
        "amplify": 1.0,
        "region": "Mouth"
    },
    "mouthFunnel": {
        "target_shapes": [
            "facs_bs_MouthFunnel_div2"
        ],
        "amplify": 1.0,
        "region": "Mouth"
    },
    "mouthPucker": {
        "target_shapes": [
            "facs_bs_MouthPucker_div2"
        ],
        "amplify": 1.0,
        "region": "Mouth"
    },
    "mouthRight": {
        "target_shapes": [
            "facs_bs_MouthRight_div2"
        ],
        "amplify": 1.0,
        "region": "Mouth"
    },
    "mouthLeft": {
        "target_shapes": [
            "facs_bs_MouthLeft_div2"
        ],
        "amplify": 1.0,
        "region": "Mouth"
    },
    "mouthSmileLeft": {
        "target_shapes": [
            "facs_bs_MouthSmileLeft_div2"
        ],
        "amplify": 1.0,
        "region": "Mouth"
    },
    "mouthSmileRight": {
        "target_shapes": [
            "facs_bs_MouthSmileRight_div2"
        ],
        "amplify": 1.0,
        "region": "Mouth"
    },
    "mouthFrownRight": {
        "target_shapes": [
            "facs_bs_MouthFrownRight_div2"
        ],
        "amplify": 1.0,
        "region": "Mouth"
    },
    "mouthFrownLeft": {
        "target_shapes": [
            "facs_bs_MouthFrownLeft_div2"
        ],
        "amplify": 1.0,
        "region": "Mouth"
    },
    "mouthDimpleLeft": {
        "target_shapes": [
            "facs_bs_MouthDimpleLeft_div2"
        ],
        "amplify": 1.0,
        "region": "Mouth"
    },
    "mouthDimpleRight": {
        "target_shapes": [
            "facs_bs_MouthDimpleRight_div2"
        ],
        "amplify": 1.0,
        "region": "Mouth"
    },
    "mouthStretchLeft": {
        "target_shapes": [
            "facs_bs_MouthStretchLeft_div2"
        ],
        "amplify": 1.0,
        "region": "Mouth"
    },
    "mouthStretchRight": {
        "target_shapes": [
            "facs_bs_MouthStretchRight_div2"
        ],
        "amplify": 1.0,
        "region": "Mouth"
    },
    "mouthRollLower": {
        "target_shapes": [
            "facs_bs_MouthRollLower_div2"
        ],
        "amplify": 1.0,
        "region": "Mouth"
    },
    "mouthRollUpper": {
        "target_shapes": [
            "facs_bs_MouthRollUpper_div2"
        ],
        "amplify": 1.0,
        "region": "Mouth"
    },
    "mouthShrugLower": {
        "target_shapes": [
            "facs_bs_MouthShrugLower_div2"
        ],
        "amplify": 1.0,
        "region": "Mouth"
    },
    "mouthShrugUpper": {
        "target_shapes": [
            "facs_bs_MouthShrugUpper_div2"
        ],
        "amplify": 1.0,
        "region": "Mouth"
    },
    "mouthPressLeft": {
        "target_shapes": [
            "facs_bs_MouthPressLeft_div2"
        ],
        "amplify": 1.0,
        "region": "Mouth"
    },
    "mouthPressRight": {
        "target_shapes": [
            "facs_bs_MouthPressRight_div2"
        ],
        "amplify": 1.0,
        "region": "Mouth"
    },
    "mouthLowerDownLeft": {
        "target_shapes": [
            "facs_bs_MouthLowerDownLeft_div2"
        ],
        "amplify": 1.0,
        "region": "Mouth"
    },
    "mouthLowerDownRight": {
        "target_shapes": [
            "facs_bs_MouthLowerDownRight_div2"
        ],
        "amplify": 1.0,
        "region": "Mouth"
    },
    "mouthUpperUpLeft": {
        "target_shapes": [
            "facs_bs_MouthUpperUpLeft_div2"
        ],
        "amplify": 1.0,
        "region": "Mouth"
    },
    "mouthUpperUpRight": {
        "target_shapes": [
            "facs_bs_MouthUpperUpRight_div2"
        ],
        "amplify": 1.0,
        "region": "Mouth"
    },
    "browDownLeft": {
        "target_shapes": [
            "facs_bs_BrowDownLeft_div2"
        ],
        "amplify": 1.0,
        "region": "Brows"
    },
    "browDownRight": {
        "target_shapes": [
            "facs_bs_BrowDownRight_div2"
        ],
        "amplify": 1.0,
        "region": "Brows"
    },
    "browInnerUp": {
        "target_shapes": [
            "facs_ctrl_BrowInnerUp"
        ],
        "amplify": 1.0,
        "region": "Brows"
    },
    "browOuterUpLeft": {
        "target_shapes": [
            "facs_bs_BrowOuterUpLeft_div2"
        ],
        "amplify": 1.0,
        "region": "Brows"
    },
    "browOuterUpRight": {
        "target_shapes": [
            "facs_bs_BrowOuterUpRight_div2"
        ],
        "amplify": 1.0,
        "region": "Brows"
    },
    "cheekPuff": {
        "target_shapes": [
            "facs_ctrl_CheekPuff"
        ],
        "amplify": 1.0,
        "region": "Cheeks"
    },
    "cheekSquintLeft": {
        "target_shapes": [
            "facs_bs_CheekSquintLeft_div2"
        ],
        "amplify": 1.0,
        "region": "Cheeks"
    },
    "cheekSquintRight": {
        "target_shapes": [
            "facs_bs_CheekSquintRight_div2"
        ],
        "amplify": 1.0,
        "region": "Cheeks"
    },
    "noseSneerLeft": {
        "target_shapes": [
            "facs_bs_NoseSneerLeft_div2"
        ],
        "amplify": 1.0,
        "region": "Nose"
    },
    "noseSneerRight": {
        "target_shapes": [
            "facs_bs_NoseSneerRight_div2"
        ],
        "amplify": 1.0,
        "region": "Nose"
    },
    "tongueOut": {
        "target_shapes": [
            "facs_bs_TongueOut"
        ],
        "amplify": 1.0,
        "region": "Tongue"
    }
}